INSERT INTO USERS (user_id, username, password, email, role, is_del, create_date, create_by, update_date, update_by) VALUES (1, 'Customer1', 'Customer1', 'kristalopez@example.org', 'customer', False, '2024-05-07', 'admin', '2024-02-03', 'admin');
INSERT INTO USERS (user_id, username, password, email, role, is_del, create_date, create_by, update_date, update_by) VALUES (2, 'Customer2', 'Customer2', 'melanie58@example.com', 'customer', False, '2024-04-18', 'admin', '2024-08-09', 'admin');
INSERT INTO USERS (user_id, username, password, email, role, is_del, create_date, create_by, update_date, update_by) VALUES (3, 'Customer3', 'Customer3', 'yvaldez@example.net', 'customer', False, '2024-05-08', 'admin', '2024-03-19', 'admin');
INSERT INTO USERS (user_id, username, password, email, role, is_del, create_date, create_by, update_date, update_by) VALUES (4, 'Customer4', 'Customer4', 'karen56@example.net', 'customer', False, '2024-06-05', 'admin', '2024-06-23', 'admin');
INSERT INTO USERS (user_id, username, password, email, role, is_del, create_date, create_by, update_date, update_by) VALUES (5, 'Customer5', 'Customer5', 'robertjackson@example.org', 'customer', False, '2024-08-15', 'admin', '2024-05-02', 'admin');
INSERT INTO USERS (user_id, username, password, email, role, is_del, create_date, create_by, update_date, update_by) VALUES (6, 'Customer6', 'Customer6', 'heathermorales@example.com', 'customer', False, '2024-04-05', 'admin', '2024-07-13', 'admin');
INSERT INTO USERS (user_id, username, password, email, role, is_del, create_date, create_by, update_date, update_by) VALUES (7, 'Customer7', 'Customer7', 'shawn63@example.com', 'customer', False, '2024-02-24', 'admin', '2024-06-15', 'admin');
INSERT INTO USERS (user_id, username, password, email, role, is_del, create_date, create_by, update_date, update_by) VALUES (8, 'Customer8', 'Customer8', 'gravesandrew@example.com', 'customer', False, '2024-02-22', 'admin', '2024-08-17', 'admin');
INSERT INTO USERS (user_id, username, password, email, role, is_del, create_date, create_by, update_date, update_by) VALUES (9, 'Customer9', 'Customer9', 'morganspencer@example.com', 'customer', False, '2024-06-27', 'admin', '2024-01-02', 'admin');
INSERT INTO USERS (user_id, username, password, email, role, is_del, create_date, create_by, update_date, update_by) VALUES (10, 'Customer10', 'Customer10', 'lori80@example.com', 'customer', False, '2024-01-27', 'admin', '2024-03-18', 'admin');
INSERT INTO USERS (user_id, username, password, email, role, is_del, create_date, create_by, update_date, update_by) VALUES (11, 'Customer11', 'Customer11', 'ebrown@example.com', 'customer', False, '2024-03-24', 'admin', '2024-07-17', 'admin');
INSERT INTO USERS (user_id, username, password, email, role, is_del, create_date, create_by, update_date, update_by) VALUES (12, 'Customer12', 'Customer12', 'solomonjodi@example.com', 'customer', False, '2024-05-20', 'admin', '2024-04-24', 'admin');
INSERT INTO USERS (user_id, username, password, email, role, is_del, create_date, create_by, update_date, update_by) VALUES (13, 'Customer13', 'Customer13', 'schultzmichelle@example.com', 'customer', False, '2024-02-14', 'admin', '2024-04-02', 'admin');
INSERT INTO USERS (user_id, username, password, email, role, is_del, create_date, create_by, update_date, update_by) VALUES (14, 'Customer14', 'Customer14', 'iwilson@example.org', 'customer', False, '2024-05-30', 'admin', '2024-02-02', 'admin');
INSERT INTO USERS (user_id, username, password, email, role, is_del, create_date, create_by, update_date, update_by) VALUES (15, 'Customer15', 'Customer15', 'anna99@example.org', 'customer', False, '2024-08-22', 'admin', '2024-06-02', 'admin');
INSERT INTO USERS (user_id, username, password, email, role, is_del, create_date, create_by, update_date, update_by) VALUES (16, 'Customer16', 'Customer16', 'ebowman@example.com', 'customer', False, '2024-03-16', 'admin', '2024-07-17', 'admin');
INSERT INTO USERS (user_id, username, password, email, role, is_del, create_date, create_by, update_date, update_by) VALUES (17, 'Customer17', 'Customer17', 'antonio38@example.net', 'customer', False, '2024-02-12', 'admin', '2024-05-01', 'admin');
INSERT INTO USERS (user_id, username, password, email, role, is_del, create_date, create_by, update_date, update_by) VALUES (18, 'Customer18', 'Customer18', 'amyfloyd@example.com', 'customer', False, '2024-08-23', 'admin', '2024-06-06', 'admin');
INSERT INTO USERS (user_id, username, password, email, role, is_del, create_date, create_by, update_date, update_by) VALUES (19, 'Customer19', 'Customer19', 'travis12@example.org', 'customer', False, '2024-05-02', 'admin', '2024-02-20', 'admin');
INSERT INTO USERS (user_id, username, password, email, role, is_del, create_date, create_by, update_date, update_by) VALUES (20, 'Customer20', 'Customer20', 'walexander@example.org', 'customer', False, '2024-02-18', 'admin', '2024-07-14', 'admin');
INSERT INTO CARS (car_id, make, model, year, license_plate, mileage, status, is_del, create_date, create_by, update_date, update_by) VALUES (1, 'Wright-Baker', 'under', 2008, '810 QRZ', 86371.73, 'Booked', False, '2024-08-26', 'admin', '2024-04-22', 'admin');
INSERT INTO CARS (car_id, make, model, year, license_plate, mileage, status, is_del, create_date, create_by, update_date, update_by) VALUES (2, 'Lee Group', 'generation', 2012, '2E 5T6DCM', 87384.19, 'Maintenance', False, '2024-05-27', 'admin', '2024-01-18', 'admin');
INSERT INTO CARS (car_id, make, model, year, license_plate, mileage, status, is_del, create_date, create_by, update_date, update_by) VALUES (3, 'Owen-Johnson', 'so', 2007, '5O R2444', 172918.75, 'Rented', False, '2024-07-21', 'admin', '2024-02-27', 'admin');
INSERT INTO CARS (car_id, make, model, year, license_plate, mileage, status, is_del, create_date, create_by, update_date, update_by) VALUES (4, 'Salinas, Parker and Hutchinson', 'key', 2000, 'MCQ 843', 191750.52, 'Maintenance', False, '2024-07-10', 'admin', '2024-04-27', 'admin');
INSERT INTO CARS (car_id, make, model, year, license_plate, mileage, status, is_del, create_date, create_by, update_date, update_by) VALUES (5, 'White PLC', 'thought', 2007, '01AZ2', 132645.52, 'Available', False, '2024-07-21', 'admin', '2024-06-27', 'admin');
INSERT INTO CARS (car_id, make, model, year, license_plate, mileage, status, is_del, create_date, create_by, update_date, update_by) VALUES (6, 'Davis, Wright and Lopez', 'local', 2016, 'DNY-9559', 74221.18, 'Maintenance', False, '2024-05-06', 'admin', '2024-04-11', 'admin');
INSERT INTO CARS (car_id, make, model, year, license_plate, mileage, status, is_del, create_date, create_by, update_date, update_by) VALUES (7, 'Long-Moreno', 'second', 2008, '015-VWX', 160702.76, 'Booked', False, '2024-07-14', 'admin', '2024-02-29', 'admin');
INSERT INTO CARS (car_id, make, model, year, license_plate, mileage, status, is_del, create_date, create_by, update_date, update_by) VALUES (8, 'Michael-Stone', 'so', 2017, '97FP5', 101159.63, 'Rented', False, '2024-01-05', 'admin', '2024-05-08', 'admin');
INSERT INTO CARS (car_id, make, model, year, license_plate, mileage, status, is_del, create_date, create_by, update_date, update_by) VALUES (9, 'Johnson, King and Byrd', 'money', 2013, 'NUJ-096', 86726.16, 'Available', False, '2024-06-29', 'admin', '2024-01-29', 'admin');
INSERT INTO CARS (car_id, make, model, year, license_plate, mileage, status, is_del, create_date, create_by, update_date, update_by) VALUES (10, 'Gibson, West and Chan', 'white', 2019, '8N 26553', 138056.88, 'Available', False, '2024-03-13', 'admin', '2024-07-01', 'admin');
INSERT INTO CARS (car_id, make, model, year, license_plate, mileage, status, is_del, create_date, create_by, update_date, update_by) VALUES (11, 'Andersen, Cohen and Wilkins', 'speech', 2000, 'LFD 184', 48222.54, 'Rented', False, '2024-03-06', 'admin', '2024-04-26', 'admin');
INSERT INTO CARS (car_id, make, model, year, license_plate, mileage, status, is_del, create_date, create_by, update_date, update_by) VALUES (12, 'Gregory-Adams', 'pattern', 2017, '4QC1978', 118235.05, 'Available', False, '2024-02-03', 'admin', '2024-01-24', 'admin');
INSERT INTO CARS (car_id, make, model, year, license_plate, mileage, status, is_del, create_date, create_by, update_date, update_by) VALUES (13, 'Fuller and Sons', 'wish', 2021, '6-H5122', 198562.93, 'Booked', False, '2024-02-29', 'admin', '2024-08-17', 'admin');
INSERT INTO CARS (car_id, make, model, year, license_plate, mileage, status, is_del, create_date, create_by, update_date, update_by) VALUES (14, 'Castro Group', 'environment', 2015, '403 2LS', 62392.28, 'Available', False, '2024-01-08', 'admin', '2024-01-30', 'admin');
INSERT INTO CARS (car_id, make, model, year, license_plate, mileage, status, is_del, create_date, create_by, update_date, update_by) VALUES (15, 'Williams-Tran', 'beat', 2021, '5RF 366', 81057.05, 'Maintenance', False, '2024-06-03', 'admin', '2024-07-13', 'admin');
INSERT INTO CARS (car_id, make, model, year, license_plate, mileage, status, is_del, create_date, create_by, update_date, update_by) VALUES (16, 'Miller, Snyder and Reeves', 'stop', 2011, '3O GG278', 168404.35, 'Booked', False, '2024-02-19', 'admin', '2024-03-19', 'admin');
INSERT INTO CARS (car_id, make, model, year, license_plate, mileage, status, is_del, create_date, create_by, update_date, update_by) VALUES (17, 'Jones, Gregory and Smith', 'for', 2023, '06G 7604', 79010.66, 'Rented', False, '2024-07-14', 'admin', '2024-07-20', 'admin');
INSERT INTO CARS (car_id, make, model, year, license_plate, mileage, status, is_del, create_date, create_by, update_date, update_by) VALUES (18, 'Mendoza PLC', 'so', 2009, '469FXH', 63972.58, 'Booked', False, '2024-08-01', 'admin', '2024-05-30', 'admin');
INSERT INTO CARS (car_id, make, model, year, license_plate, mileage, status, is_del, create_date, create_by, update_date, update_by) VALUES (19, 'Hernandez, Lin and Singh', 'challenge', 2006, '9IZ S30', 60293.23, 'Rented', False, '2024-03-04', 'admin', '2024-05-02', 'admin');
INSERT INTO CARS (car_id, make, model, year, license_plate, mileage, status, is_del, create_date, create_by, update_date, update_by) VALUES (20, 'Dillon, Hill and Velez', 'scientist', 2013, 'MYR 205', 24010.15, 'Rented', False, '2024-03-27', 'admin', '2024-08-21', 'admin');
INSERT INTO BOOKINGS_RENTALS (booking_id, user_id, car_id, start_date, end_date, status, rental_date, return_date, feedback, is_del, create_date, create_by, update_date, update_by) VALUES (1, 1, 7, '2024-01-05', '2024-01-29', 'Pending', NULL, NULL, NULL, False, '2024-01-28', 'admin', '2024-04-29', 'admin');
INSERT INTO BOOKINGS_RENTALS (booking_id, user_id, car_id, start_date, end_date, status, rental_date, return_date, feedback, is_del, create_date, create_by, update_date, update_by) VALUES (2, 10, 6, '2024-07-04', '2024-07-07', 'Pending', NULL, NULL, NULL, False, '2024-03-08', 'admin', '2024-08-08', 'admin');
INSERT INTO BOOKINGS_RENTALS (booking_id, user_id, car_id, start_date, end_date, status, rental_date, return_date, feedback, is_del, create_date, create_by, update_date, update_by) VALUES (3, 15, 17, '2023-06-24', '2023-06-28', 'Approved', '2023-06-24', '2023-06-28', 'Friend fire can inside second sea.', False, '2024-05-21', 'admin', '2024-06-22', 'admin');
INSERT INTO BOOKINGS_RENTALS (booking_id, user_id, car_id, start_date, end_date, status, rental_date, return_date, feedback, is_del, create_date, create_by, update_date, update_by) VALUES (4, 18, 15, '2023-08-20', '2023-09-15', 'Pending', NULL, NULL, NULL, False, '2024-02-27', 'admin', '2024-02-10', 'admin');
INSERT INTO BOOKINGS_RENTALS (booking_id, user_id, car_id, start_date, end_date, status, rental_date, return_date, feedback, is_del, create_date, create_by, update_date, update_by) VALUES (5, 3, 16, '2023-01-16', '2023-02-01', 'Pending', NULL, NULL, NULL, False, '2024-08-19', 'admin', '2024-05-29', 'admin');
INSERT INTO BOOKINGS_RENTALS (booking_id, user_id, car_id, start_date, end_date, status, rental_date, return_date, feedback, is_del, create_date, create_by, update_date, update_by) VALUES (6, 14, 11, '2024-03-19', '2024-04-13', 'Pending', NULL, NULL, NULL, False, '2024-05-17', 'admin', '2024-07-23', 'admin');
INSERT INTO BOOKINGS_RENTALS (booking_id, user_id, car_id, start_date, end_date, status, rental_date, return_date, feedback, is_del, create_date, create_by, update_date, update_by) VALUES (7, 4, 19, '2024-04-12', '2024-04-16', 'Denied', NULL, NULL, NULL, False, '2024-07-15', 'admin', '2024-01-07', 'admin');
INSERT INTO BOOKINGS_RENTALS (booking_id, user_id, car_id, start_date, end_date, status, rental_date, return_date, feedback, is_del, create_date, create_by, update_date, update_by) VALUES (8, 12, 3, '2023-12-30', '2024-01-10', 'Pending', NULL, NULL, NULL, False, '2024-01-28', 'admin', '2024-05-08', 'admin');
INSERT INTO BOOKINGS_RENTALS (booking_id, user_id, car_id, start_date, end_date, status, rental_date, return_date, feedback, is_del, create_date, create_by, update_date, update_by) VALUES (9, 5, 8, '2024-05-26', '2024-06-14', 'Pending', NULL, NULL, NULL, False, '2024-02-19', 'admin', '2024-04-04', 'admin');
INSERT INTO BOOKINGS_RENTALS (booking_id, user_id, car_id, start_date, end_date, status, rental_date, return_date, feedback, is_del, create_date, create_by, update_date, update_by) VALUES (10, 11, 14, '2023-03-04', '2023-03-22', 'Pending', NULL, NULL, NULL, False, '2024-02-05', 'admin', '2024-06-01', 'admin');
INSERT INTO BOOKINGS_RENTALS (booking_id, user_id, car_id, start_date, end_date, status, rental_date, return_date, feedback, is_del, create_date, create_by, update_date, update_by) VALUES (11, 13, 10, '2023-05-24', '2023-05-27', 'Pending', NULL, NULL, NULL, False, '2024-07-15', 'admin', '2024-07-05', 'admin');
INSERT INTO BOOKINGS_RENTALS (booking_id, user_id, car_id, start_date, end_date, status, rental_date, return_date, feedback, is_del, create_date, create_by, update_date, update_by) VALUES (12, 18, 10, '2022-09-23', '2022-10-05', 'Approved', '2022-09-23', '2022-10-05', 'Often fly explain lawyer nation.', False, '2024-05-15', 'admin', '2024-08-05', 'admin');
INSERT INTO BOOKINGS_RENTALS (booking_id, user_id, car_id, start_date, end_date, status, rental_date, return_date, feedback, is_del, create_date, create_by, update_date, update_by) VALUES (13, 5, 17, '2023-11-30', '2023-12-10', 'Denied', NULL, NULL, NULL, False, '2024-03-01', 'admin', '2024-07-24', 'admin');
INSERT INTO BOOKINGS_RENTALS (booking_id, user_id, car_id, start_date, end_date, status, rental_date, return_date, feedback, is_del, create_date, create_by, update_date, update_by) VALUES (14, 1, 17, '2024-02-29', '2024-03-20', 'Approved', '2024-02-29', '2024-03-20', 'Lead him all edge enter various.', False, '2024-04-17', 'admin', '2024-05-14', 'admin');
INSERT INTO BOOKINGS_RENTALS (booking_id, user_id, car_id, start_date, end_date, status, rental_date, return_date, feedback, is_del, create_date, create_by, update_date, update_by) VALUES (15, 1, 9, '2023-06-21', '2023-06-25', 'Approved', '2023-06-21', '2023-06-25', 'Economic similar talk first.', False, '2024-01-29', 'admin', '2024-06-18', 'admin');
INSERT INTO BOOKINGS_RENTALS (booking_id, user_id, car_id, start_date, end_date, status, rental_date, return_date, feedback, is_del, create_date, create_by, update_date, update_by) VALUES (16, 4, 7, '2023-05-15', '2023-05-23', 'Pending', NULL, NULL, NULL, False, '2024-08-24', 'admin', '2024-08-22', 'admin');
INSERT INTO BOOKINGS_RENTALS (booking_id, user_id, car_id, start_date, end_date, status, rental_date, return_date, feedback, is_del, create_date, create_by, update_date, update_by) VALUES (17, 3, 1, '2023-05-04', '2023-05-18', 'Pending', NULL, NULL, NULL, False, '2024-08-20', 'admin', '2024-07-09', 'admin');
INSERT INTO BOOKINGS_RENTALS (booking_id, user_id, car_id, start_date, end_date, status, rental_date, return_date, feedback, is_del, create_date, create_by, update_date, update_by) VALUES (18, 17, 1, '2024-01-03', '2024-01-29', 'Pending', NULL, NULL, NULL, False, '2024-01-19', 'admin', '2024-01-09', 'admin');
INSERT INTO BOOKINGS_RENTALS (booking_id, user_id, car_id, start_date, end_date, status, rental_date, return_date, feedback, is_del, create_date, create_by, update_date, update_by) VALUES (19, 19, 7, '2023-04-08', '2023-04-12', 'Denied', NULL, NULL, NULL, False, '2024-05-13', 'admin', '2024-03-03', 'admin');
INSERT INTO BOOKINGS_RENTALS (booking_id, user_id, car_id, start_date, end_date, status, rental_date, return_date, feedback, is_del, create_date, create_by, update_date, update_by) VALUES (20, 12, 8, '2023-03-28', '2023-04-04', 'Approved', '2023-03-28', '2023-04-04', 'Which bring town.', False, '2024-05-25', 'admin', '2024-03-25', 'admin');
INSERT INTO BOOKINGS_RENTALS (booking_id, user_id, car_id, start_date, end_date, status, rental_date, return_date, feedback, is_del, create_date, create_by, update_date, update_by) VALUES (21, 9, 20, '2022-12-11', '2022-12-21', 'Pending', NULL, NULL, NULL, False, '2024-07-20', 'admin', '2024-02-22', 'admin');
INSERT INTO BOOKINGS_RENTALS (booking_id, user_id, car_id, start_date, end_date, status, rental_date, return_date, feedback, is_del, create_date, create_by, update_date, update_by) VALUES (22, 18, 2, '2024-07-30', '2024-08-22', 'Pending', NULL, NULL, NULL, False, '2024-08-17', 'admin', '2024-04-15', 'admin');
INSERT INTO BOOKINGS_RENTALS (booking_id, user_id, car_id, start_date, end_date, status, rental_date, return_date, feedback, is_del, create_date, create_by, update_date, update_by) VALUES (23, 1, 10, '2024-04-16', '2024-05-13', 'Pending', NULL, NULL, NULL, False, '2024-04-26', 'admin', '2024-05-26', 'admin');
INSERT INTO BOOKINGS_RENTALS (booking_id, user_id, car_id, start_date, end_date, status, rental_date, return_date, feedback, is_del, create_date, create_by, update_date, update_by) VALUES (24, 18, 18, '2024-08-03', '2024-08-27', 'Pending', NULL, NULL, NULL, False, '2024-05-04', 'admin', '2024-02-16', 'admin');
INSERT INTO BOOKINGS_RENTALS (booking_id, user_id, car_id, start_date, end_date, status, rental_date, return_date, feedback, is_del, create_date, create_by, update_date, update_by) VALUES (25, 5, 10, '2023-05-28', '2023-06-18', 'Denied', NULL, NULL, NULL, False, '2024-05-22', 'admin', '2024-05-03', 'admin');
INSERT INTO BOOKINGS_RENTALS (booking_id, user_id, car_id, start_date, end_date, status, rental_date, return_date, feedback, is_del, create_date, create_by, update_date, update_by) VALUES (26, 6, 20, '2023-04-10', '2023-05-01', 'Approved', '2023-04-10', '2023-05-01', 'Room think near everyone positive health rich.', False, '2024-03-13', 'admin', '2024-06-03', 'admin');
INSERT INTO BOOKINGS_RENTALS (booking_id, user_id, car_id, start_date, end_date, status, rental_date, return_date, feedback, is_del, create_date, create_by, update_date, update_by) VALUES (27, 1, 9, '2024-07-24', '2024-08-23', 'Pending', NULL, NULL, NULL, False, '2024-06-19', 'admin', '2024-01-16', 'admin');
INSERT INTO BOOKINGS_RENTALS (booking_id, user_id, car_id, start_date, end_date, status, rental_date, return_date, feedback, is_del, create_date, create_by, update_date, update_by) VALUES (28, 4, 18, '2024-03-08', '2024-03-20', 'Denied', NULL, NULL, NULL, False, '2024-02-22', 'admin', '2024-06-14', 'admin');
INSERT INTO BOOKINGS_RENTALS (booking_id, user_id, car_id, start_date, end_date, status, rental_date, return_date, feedback, is_del, create_date, create_by, update_date, update_by) VALUES (29, 14, 16, '2022-10-09', '2022-10-22', 'Pending', NULL, NULL, NULL, False, '2024-07-25', 'admin', '2024-03-16', 'admin');
INSERT INTO BOOKINGS_RENTALS (booking_id, user_id, car_id, start_date, end_date, status, rental_date, return_date, feedback, is_del, create_date, create_by, update_date, update_by) VALUES (30, 13, 20, '2023-10-29', '2023-11-13', 'Approved', '2023-10-29', '2023-11-13', 'Edge consumer however environmental big industry structure.', False, '2024-04-29', 'admin', '2024-03-07', 'admin');
INSERT INTO BOOKINGS_RENTALS (booking_id, user_id, car_id, start_date, end_date, status, rental_date, return_date, feedback, is_del, create_date, create_by, update_date, update_by) VALUES (31, 4, 5, '2023-06-19', '2023-07-11', 'Pending', NULL, NULL, NULL, False, '2024-02-19', 'admin', '2024-07-23', 'admin');
INSERT INTO BOOKINGS_RENTALS (booking_id, user_id, car_id, start_date, end_date, status, rental_date, return_date, feedback, is_del, create_date, create_by, update_date, update_by) VALUES (32, 7, 4, '2023-03-28', '2023-04-24', 'Pending', NULL, NULL, NULL, False, '2024-01-06', 'admin', '2024-03-10', 'admin');
INSERT INTO BOOKINGS_RENTALS (booking_id, user_id, car_id, start_date, end_date, status, rental_date, return_date, feedback, is_del, create_date, create_by, update_date, update_by) VALUES (33, 14, 19, '2024-07-26', '2024-08-10', 'Pending', NULL, NULL, NULL, False, '2024-07-19', 'admin', '2024-06-23', 'admin');
INSERT INTO BOOKINGS_RENTALS (booking_id, user_id, car_id, start_date, end_date, status, rental_date, return_date, feedback, is_del, create_date, create_by, update_date, update_by) VALUES (34, 4, 19, '2024-05-04', '2024-05-19', 'Denied', NULL, NULL, NULL, False, '2024-06-28', 'admin', '2024-04-02', 'admin');
INSERT INTO BOOKINGS_RENTALS (booking_id, user_id, car_id, start_date, end_date, status, rental_date, return_date, feedback, is_del, create_date, create_by, update_date, update_by) VALUES (35, 9, 8, '2024-02-05', '2024-02-10', 'Pending', NULL, NULL, NULL, False, '2024-03-28', 'admin', '2024-03-24', 'admin');
INSERT INTO BOOKINGS_RENTALS (booking_id, user_id, car_id, start_date, end_date, status, rental_date, return_date, feedback, is_del, create_date, create_by, update_date, update_by) VALUES (36, 11, 15, '2023-04-25', '2023-05-06', 'Approved', '2023-04-25', '2023-05-06', 'A while thousand other nation where.', False, '2024-05-12', 'admin', '2024-07-09', 'admin');
INSERT INTO BOOKINGS_RENTALS (booking_id, user_id, car_id, start_date, end_date, status, rental_date, return_date, feedback, is_del, create_date, create_by, update_date, update_by) VALUES (37, 13, 17, '2022-09-09', '2022-09-18', 'Approved', '2022-09-09', '2022-09-18', 'Lead so exist pass both.', False, '2024-08-16', 'admin', '2024-04-30', 'admin');
INSERT INTO BOOKINGS_RENTALS (booking_id, user_id, car_id, start_date, end_date, status, rental_date, return_date, feedback, is_del, create_date, create_by, update_date, update_by) VALUES (38, 13, 8, '2023-09-02', '2023-09-04', 'Pending', NULL, NULL, NULL, False, '2024-06-14', 'admin', '2024-06-12', 'admin');
INSERT INTO BOOKINGS_RENTALS (booking_id, user_id, car_id, start_date, end_date, status, rental_date, return_date, feedback, is_del, create_date, create_by, update_date, update_by) VALUES (39, 5, 1, '2023-01-31', '2023-02-15', 'Denied', NULL, NULL, NULL, False, '2024-02-14', 'admin', '2024-05-08', 'admin');
INSERT INTO BOOKINGS_RENTALS (booking_id, user_id, car_id, start_date, end_date, status, rental_date, return_date, feedback, is_del, create_date, create_by, update_date, update_by) VALUES (40, 4, 4, '2023-06-19', '2023-07-05', 'Approved', '2023-06-19', '2023-07-05', 'With dream because simple trouble would.', False, '2024-07-14', 'admin', '2024-06-14', 'admin');
INSERT INTO BOOKINGS_RENTALS (booking_id, user_id, car_id, start_date, end_date, status, rental_date, return_date, feedback, is_del, create_date, create_by, update_date, update_by) VALUES (41, 8, 15, '2024-01-19', '2024-02-12', 'Approved', '2024-01-19', '2024-02-12', 'Fear reason do chance control.', False, '2024-08-06', 'admin', '2024-01-23', 'admin');
INSERT INTO BOOKINGS_RENTALS (booking_id, user_id, car_id, start_date, end_date, status, rental_date, return_date, feedback, is_del, create_date, create_by, update_date, update_by) VALUES (42, 15, 13, '2023-02-07', '2023-03-01', 'Denied', NULL, NULL, NULL, False, '2024-01-08', 'admin', '2024-06-25', 'admin');
INSERT INTO BOOKINGS_RENTALS (booking_id, user_id, car_id, start_date, end_date, status, rental_date, return_date, feedback, is_del, create_date, create_by, update_date, update_by) VALUES (43, 19, 17, '2023-06-27', '2023-07-27', 'Denied', NULL, NULL, NULL, False, '2024-04-28', 'admin', '2024-06-20', 'admin');
INSERT INTO BOOKINGS_RENTALS (booking_id, user_id, car_id, start_date, end_date, status, rental_date, return_date, feedback, is_del, create_date, create_by, update_date, update_by) VALUES (44, 19, 11, '2024-07-15', '2024-08-01', 'Pending', NULL, NULL, NULL, False, '2024-07-02', 'admin', '2024-05-07', 'admin');
INSERT INTO BOOKINGS_RENTALS (booking_id, user_id, car_id, start_date, end_date, status, rental_date, return_date, feedback, is_del, create_date, create_by, update_date, update_by) VALUES (45, 18, 5, '2023-01-01', '2023-01-14', 'Approved', '2023-01-01', '2023-01-14', 'Prove maybe avoid civil continue new fact.', False, '2024-08-03', 'admin', '2024-07-21', 'admin');
INSERT INTO BOOKINGS_RENTALS (booking_id, user_id, car_id, start_date, end_date, status, rental_date, return_date, feedback, is_del, create_date, create_by, update_date, update_by) VALUES (46, 14, 18, '2022-09-27', '2022-10-13', 'Denied', NULL, NULL, NULL, False, '2024-07-08', 'admin', '2024-02-05', 'admin');
INSERT INTO BOOKINGS_RENTALS (booking_id, user_id, car_id, start_date, end_date, status, rental_date, return_date, feedback, is_del, create_date, create_by, update_date, update_by) VALUES (47, 10, 19, '2024-02-23', '2024-03-06', 'Denied', NULL, NULL, NULL, False, '2024-01-01', 'admin', '2024-04-30', 'admin');
INSERT INTO BOOKINGS_RENTALS (booking_id, user_id, car_id, start_date, end_date, status, rental_date, return_date, feedback, is_del, create_date, create_by, update_date, update_by) VALUES (48, 9, 14, '2024-02-16', '2024-02-19', 'Approved', '2024-02-16', '2024-02-19', 'Consumer again vote include debate.', False, '2024-04-23', 'admin', '2024-02-11', 'admin');
INSERT INTO BOOKINGS_RENTALS (booking_id, user_id, car_id, start_date, end_date, status, rental_date, return_date, feedback, is_del, create_date, create_by, update_date, update_by) VALUES (49, 6, 4, '2023-01-27', '2023-02-02', 'Denied', NULL, NULL, NULL, False, '2024-05-18', 'admin', '2024-08-06', 'admin');
INSERT INTO BOOKINGS_RENTALS (booking_id, user_id, car_id, start_date, end_date, status, rental_date, return_date, feedback, is_del, create_date, create_by, update_date, update_by) VALUES (50, 10, 2, '2023-10-23', '2023-11-06', 'Approved', '2023-10-23', '2023-11-06', 'Instead owner those me continue statement.', False, '2024-05-08', 'admin', '2024-08-04', 'admin');
INSERT INTO BOOKINGS_RENTALS (booking_id, user_id, car_id, start_date, end_date, status, rental_date, return_date, feedback, is_del, create_date, create_by, update_date, update_by) VALUES (51, 8, 11, '2023-08-23', '2023-09-05', 'Pending', NULL, NULL, NULL, False, '2024-02-07', 'admin', '2024-07-01', 'admin');
INSERT INTO BOOKINGS_RENTALS (booking_id, user_id, car_id, start_date, end_date, status, rental_date, return_date, feedback, is_del, create_date, create_by, update_date, update_by) VALUES (52, 20, 2, '2022-10-04', '2022-10-26', 'Denied', NULL, NULL, NULL, False, '2024-04-19', 'admin', '2024-02-18', 'admin');
INSERT INTO BOOKINGS_RENTALS (booking_id, user_id, car_id, start_date, end_date, status, rental_date, return_date, feedback, is_del, create_date, create_by, update_date, update_by) VALUES (53, 13, 9, '2023-05-19', '2023-05-28', 'Denied', NULL, NULL, NULL, False, '2024-05-28', 'admin', '2024-08-27', 'admin');
INSERT INTO BOOKINGS_RENTALS (booking_id, user_id, car_id, start_date, end_date, status, rental_date, return_date, feedback, is_del, create_date, create_by, update_date, update_by) VALUES (54, 5, 4, '2023-10-07', '2023-10-18', 'Pending', NULL, NULL, NULL, False, '2024-03-27', 'admin', '2024-07-13', 'admin');
INSERT INTO BOOKINGS_RENTALS (booking_id, user_id, car_id, start_date, end_date, status, rental_date, return_date, feedback, is_del, create_date, create_by, update_date, update_by) VALUES (55, 11, 4, '2024-06-16', '2024-07-15', 'Approved', '2024-06-16', '2024-07-15', 'Rise property operation white require may.', False, '2024-07-01', 'admin', '2024-04-14', 'admin');
INSERT INTO BOOKINGS_RENTALS (booking_id, user_id, car_id, start_date, end_date, status, rental_date, return_date, feedback, is_del, create_date, create_by, update_date, update_by) VALUES (56, 2, 11, '2024-06-25', '2024-07-02', 'Pending', NULL, NULL, NULL, False, '2024-04-12', 'admin', '2024-06-26', 'admin');
INSERT INTO BOOKINGS_RENTALS (booking_id, user_id, car_id, start_date, end_date, status, rental_date, return_date, feedback, is_del, create_date, create_by, update_date, update_by) VALUES (57, 18, 8, '2024-03-03', '2024-03-26', 'Approved', '2024-03-03', '2024-03-26', 'Blood return relationship.', False, '2024-03-22', 'admin', '2024-05-28', 'admin');
INSERT INTO BOOKINGS_RENTALS (booking_id, user_id, car_id, start_date, end_date, status, rental_date, return_date, feedback, is_del, create_date, create_by, update_date, update_by) VALUES (58, 13, 10, '2024-06-29', '2024-07-09', 'Approved', '2024-06-29', '2024-07-09', 'Speak religious water amount live only next.', False, '2024-04-16', 'admin', '2024-05-21', 'admin');
INSERT INTO BOOKINGS_RENTALS (booking_id, user_id, car_id, start_date, end_date, status, rental_date, return_date, feedback, is_del, create_date, create_by, update_date, update_by) VALUES (59, 20, 16, '2022-09-28', '2022-10-13', 'Pending', NULL, NULL, NULL, False, '2024-04-18', 'admin', '2024-03-16', 'admin');
INSERT INTO BOOKINGS_RENTALS (booking_id, user_id, car_id, start_date, end_date, status, rental_date, return_date, feedback, is_del, create_date, create_by, update_date, update_by) VALUES (60, 7, 3, '2024-08-14', '2024-09-09', 'Pending', NULL, NULL, NULL, False, '2024-06-20', 'admin', '2024-02-09', 'admin');
INSERT INTO BOOKINGS_RENTALS (booking_id, user_id, car_id, start_date, end_date, status, rental_date, return_date, feedback, is_del, create_date, create_by, update_date, update_by) VALUES (61, 20, 3, '2024-02-12', '2024-03-05', 'Denied', NULL, NULL, NULL, False, '2024-01-08', 'admin', '2024-02-25', 'admin');
INSERT INTO BOOKINGS_RENTALS (booking_id, user_id, car_id, start_date, end_date, status, rental_date, return_date, feedback, is_del, create_date, create_by, update_date, update_by) VALUES (62, 15, 1, '2023-04-19', '2023-05-14', 'Approved', '2023-04-19', '2023-05-14', 'Effect side develop result share.', False, '2024-03-22', 'admin', '2024-06-05', 'admin');
INSERT INTO BOOKINGS_RENTALS (booking_id, user_id, car_id, start_date, end_date, status, rental_date, return_date, feedback, is_del, create_date, create_by, update_date, update_by) VALUES (63, 7, 12, '2023-11-12', '2023-11-25', 'Approved', '2023-11-12', '2023-11-25', 'Camera her movie low.', False, '2024-06-02', 'admin', '2024-07-25', 'admin');
INSERT INTO BOOKINGS_RENTALS (booking_id, user_id, car_id, start_date, end_date, status, rental_date, return_date, feedback, is_del, create_date, create_by, update_date, update_by) VALUES (64, 6, 13, '2023-05-27', '2023-06-08', 'Pending', NULL, NULL, NULL, False, '2024-03-20', 'admin', '2024-03-10', 'admin');
INSERT INTO BOOKINGS_RENTALS (booking_id, user_id, car_id, start_date, end_date, status, rental_date, return_date, feedback, is_del, create_date, create_by, update_date, update_by) VALUES (65, 20, 13, '2023-03-29', '2023-04-04', 'Pending', NULL, NULL, NULL, False, '2024-07-13', 'admin', '2024-06-19', 'admin');
INSERT INTO BOOKINGS_RENTALS (booking_id, user_id, car_id, start_date, end_date, status, rental_date, return_date, feedback, is_del, create_date, create_by, update_date, update_by) VALUES (66, 12, 6, '2024-01-16', '2024-01-29', 'Denied', NULL, NULL, NULL, False, '2024-01-28', 'admin', '2024-03-14', 'admin');
INSERT INTO BOOKINGS_RENTALS (booking_id, user_id, car_id, start_date, end_date, status, rental_date, return_date, feedback, is_del, create_date, create_by, update_date, update_by) VALUES (67, 12, 20, '2024-06-09', '2024-06-23', 'Denied', NULL, NULL, NULL, False, '2024-04-13', 'admin', '2024-01-29', 'admin');
INSERT INTO BOOKINGS_RENTALS (booking_id, user_id, car_id, start_date, end_date, status, rental_date, return_date, feedback, is_del, create_date, create_by, update_date, update_by) VALUES (68, 7, 14, '2023-01-28', '2023-02-27', 'Approved', '2023-01-28', '2023-02-27', 'Represent top similar quite time many.', False, '2024-07-07', 'admin', '2024-04-08', 'admin');
INSERT INTO BOOKINGS_RENTALS (booking_id, user_id, car_id, start_date, end_date, status, rental_date, return_date, feedback, is_del, create_date, create_by, update_date, update_by) VALUES (69, 9, 18, '2022-12-06', '2022-12-22', 'Pending', NULL, NULL, NULL, False, '2024-03-25', 'admin', '2024-03-22', 'admin');
INSERT INTO BOOKINGS_RENTALS (booking_id, user_id, car_id, start_date, end_date, status, rental_date, return_date, feedback, is_del, create_date, create_by, update_date, update_by) VALUES (70, 3, 5, '2022-11-01', '2022-11-04', 'Pending', NULL, NULL, NULL, False, '2024-01-11', 'admin', '2024-05-11', 'admin');
INSERT INTO BOOKINGS_RENTALS (booking_id, user_id, car_id, start_date, end_date, status, rental_date, return_date, feedback, is_del, create_date, create_by, update_date, update_by) VALUES (71, 16, 17, '2023-12-04', '2023-12-27', 'Approved', '2023-12-04', '2023-12-27', 'Tend effort grow if personal region.', False, '2024-06-08', 'admin', '2024-08-07', 'admin');
INSERT INTO BOOKINGS_RENTALS (booking_id, user_id, car_id, start_date, end_date, status, rental_date, return_date, feedback, is_del, create_date, create_by, update_date, update_by) VALUES (72, 20, 2, '2023-03-23', '2023-04-17', 'Denied', NULL, NULL, NULL, False, '2024-01-28', 'admin', '2024-01-27', 'admin');
INSERT INTO BOOKINGS_RENTALS (booking_id, user_id, car_id, start_date, end_date, status, rental_date, return_date, feedback, is_del, create_date, create_by, update_date, update_by) VALUES (73, 19, 11, '2023-09-23', '2023-10-16', 'Approved', '2023-09-23', '2023-10-16', 'Stock TV trouble certainly speak community.', False, '2024-02-24', 'admin', '2024-06-24', 'admin');
INSERT INTO BOOKINGS_RENTALS (booking_id, user_id, car_id, start_date, end_date, status, rental_date, return_date, feedback, is_del, create_date, create_by, update_date, update_by) VALUES (74, 16, 20, '2023-12-03', '2023-12-04', 'Denied', NULL, NULL, NULL, False, '2024-01-25', 'admin', '2024-05-03', 'admin');
INSERT INTO BOOKINGS_RENTALS (booking_id, user_id, car_id, start_date, end_date, status, rental_date, return_date, feedback, is_del, create_date, create_by, update_date, update_by) VALUES (75, 11, 10, '2024-07-31', '2024-08-17', 'Approved', '2024-07-31', '2024-08-17', 'Know ask challenge stage another.', False, '2024-01-29', 'admin', '2024-08-05', 'admin');
INSERT INTO BOOKINGS_RENTALS (booking_id, user_id, car_id, start_date, end_date, status, rental_date, return_date, feedback, is_del, create_date, create_by, update_date, update_by) VALUES (76, 16, 3, '2023-04-02', '2023-04-09', 'Denied', NULL, NULL, NULL, False, '2024-04-13', 'admin', '2024-04-09', 'admin');
INSERT INTO BOOKINGS_RENTALS (booking_id, user_id, car_id, start_date, end_date, status, rental_date, return_date, feedback, is_del, create_date, create_by, update_date, update_by) VALUES (77, 5, 2, '2024-06-07', '2024-07-03', 'Denied', NULL, NULL, NULL, False, '2024-03-09', 'admin', '2024-03-24', 'admin');
INSERT INTO BOOKINGS_RENTALS (booking_id, user_id, car_id, start_date, end_date, status, rental_date, return_date, feedback, is_del, create_date, create_by, update_date, update_by) VALUES (78, 2, 13, '2023-10-05', '2023-10-26', 'Denied', NULL, NULL, NULL, False, '2024-01-01', 'admin', '2024-04-17', 'admin');
INSERT INTO BOOKINGS_RENTALS (booking_id, user_id, car_id, start_date, end_date, status, rental_date, return_date, feedback, is_del, create_date, create_by, update_date, update_by) VALUES (79, 19, 7, '2024-06-26', '2024-07-26', 'Approved', '2024-06-26', '2024-07-26', 'Economic sometimes member son activity.', False, '2024-02-12', 'admin', '2024-08-21', 'admin');
INSERT INTO BOOKINGS_RENTALS (booking_id, user_id, car_id, start_date, end_date, status, rental_date, return_date, feedback, is_del, create_date, create_by, update_date, update_by) VALUES (80, 18, 19, '2024-02-27', '2024-03-14', 'Approved', '2024-02-27', '2024-03-14', 'Follow improve hear investment establish with.', False, '2024-01-26', 'admin', '2024-02-08', 'admin');
INSERT INTO BOOKINGS_RENTALS (booking_id, user_id, car_id, start_date, end_date, status, rental_date, return_date, feedback, is_del, create_date, create_by, update_date, update_by) VALUES (81, 13, 11, '2023-03-02', '2023-03-17', 'Pending', NULL, NULL, NULL, False, '2024-08-05', 'admin', '2024-02-29', 'admin');
INSERT INTO BOOKINGS_RENTALS (booking_id, user_id, car_id, start_date, end_date, status, rental_date, return_date, feedback, is_del, create_date, create_by, update_date, update_by) VALUES (82, 12, 18, '2023-07-11', '2023-08-07', 'Denied', NULL, NULL, NULL, False, '2024-04-14', 'admin', '2024-07-23', 'admin');
INSERT INTO BOOKINGS_RENTALS (booking_id, user_id, car_id, start_date, end_date, status, rental_date, return_date, feedback, is_del, create_date, create_by, update_date, update_by) VALUES (83, 10, 1, '2023-04-30', '2023-05-28', 'Approved', '2023-04-30', '2023-05-28', 'Beautiful seek big second usually.', False, '2024-05-27', 'admin', '2024-02-21', 'admin');
INSERT INTO BOOKINGS_RENTALS (booking_id, user_id, car_id, start_date, end_date, status, rental_date, return_date, feedback, is_del, create_date, create_by, update_date, update_by) VALUES (84, 14, 14, '2024-07-22', '2024-07-23', 'Approved', '2024-07-22', '2024-07-23', 'Break apply performance voice our.', False, '2024-02-24', 'admin', '2024-01-31', 'admin');
INSERT INTO BOOKINGS_RENTALS (booking_id, user_id, car_id, start_date, end_date, status, rental_date, return_date, feedback, is_del, create_date, create_by, update_date, update_by) VALUES (85, 4, 5, '2024-07-17', '2024-07-19', 'Pending', NULL, NULL, NULL, False, '2024-03-03', 'admin', '2024-03-29', 'admin');
INSERT INTO BOOKINGS_RENTALS (booking_id, user_id, car_id, start_date, end_date, status, rental_date, return_date, feedback, is_del, create_date, create_by, update_date, update_by) VALUES (86, 13, 13, '2024-04-25', '2024-05-02', 'Pending', NULL, NULL, NULL, False, '2024-04-26', 'admin', '2024-03-21', 'admin');
INSERT INTO BOOKINGS_RENTALS (booking_id, user_id, car_id, start_date, end_date, status, rental_date, return_date, feedback, is_del, create_date, create_by, update_date, update_by) VALUES (87, 12, 7, '2023-01-14', '2023-01-30', 'Approved', '2023-01-14', '2023-01-30', 'Per their data back be close.', False, '2024-05-02', 'admin', '2024-07-06', 'admin');
INSERT INTO BOOKINGS_RENTALS (booking_id, user_id, car_id, start_date, end_date, status, rental_date, return_date, feedback, is_del, create_date, create_by, update_date, update_by) VALUES (88, 14, 8, '2024-07-25', '2024-08-07', 'Approved', '2024-07-25', '2024-08-07', 'Mouth sound begin image affect design.', False, '2024-07-29', 'admin', '2024-08-17', 'admin');
INSERT INTO BOOKINGS_RENTALS (booking_id, user_id, car_id, start_date, end_date, status, rental_date, return_date, feedback, is_del, create_date, create_by, update_date, update_by) VALUES (89, 12, 12, '2023-04-17', '2023-04-20', 'Pending', NULL, NULL, NULL, False, '2024-03-19', 'admin', '2024-07-13', 'admin');
INSERT INTO BOOKINGS_RENTALS (booking_id, user_id, car_id, start_date, end_date, status, rental_date, return_date, feedback, is_del, create_date, create_by, update_date, update_by) VALUES (90, 3, 18, '2023-08-16', '2023-09-15', 'Approved', '2023-08-16', '2023-09-15', 'Skin could enough science nature own.', False, '2024-03-14', 'admin', '2024-04-23', 'admin');
INSERT INTO BOOKINGS_RENTALS (booking_id, user_id, car_id, start_date, end_date, status, rental_date, return_date, feedback, is_del, create_date, create_by, update_date, update_by) VALUES (91, 2, 6, '2022-10-26', '2022-11-10', 'Approved', '2022-10-26', '2022-11-10', 'Gas size save where positive later series.', False, '2024-01-28', 'admin', '2024-08-22', 'admin');
INSERT INTO BOOKINGS_RENTALS (booking_id, user_id, car_id, start_date, end_date, status, rental_date, return_date, feedback, is_del, create_date, create_by, update_date, update_by) VALUES (92, 8, 16, '2023-08-15', '2023-08-27', 'Denied', NULL, NULL, NULL, False, '2024-08-20', 'admin', '2024-07-20', 'admin');
INSERT INTO BOOKINGS_RENTALS (booking_id, user_id, car_id, start_date, end_date, status, rental_date, return_date, feedback, is_del, create_date, create_by, update_date, update_by) VALUES (93, 15, 19, '2022-12-23', '2023-01-13', 'Denied', NULL, NULL, NULL, False, '2024-08-25', 'admin', '2024-07-21', 'admin');
INSERT INTO BOOKINGS_RENTALS (booking_id, user_id, car_id, start_date, end_date, status, rental_date, return_date, feedback, is_del, create_date, create_by, update_date, update_by) VALUES (94, 6, 18, '2022-10-21', '2022-11-02', 'Pending', NULL, NULL, NULL, False, '2024-04-06', 'admin', '2024-04-10', 'admin');
INSERT INTO BOOKINGS_RENTALS (booking_id, user_id, car_id, start_date, end_date, status, rental_date, return_date, feedback, is_del, create_date, create_by, update_date, update_by) VALUES (95, 2, 1, '2023-05-28', '2023-06-24', 'Pending', NULL, NULL, NULL, False, '2024-05-03', 'admin', '2024-07-25', 'admin');
INSERT INTO BOOKINGS_RENTALS (booking_id, user_id, car_id, start_date, end_date, status, rental_date, return_date, feedback, is_del, create_date, create_by, update_date, update_by) VALUES (96, 8, 12, '2024-01-14', '2024-01-19', 'Pending', NULL, NULL, NULL, False, '2024-07-06', 'admin', '2024-03-02', 'admin');
INSERT INTO BOOKINGS_RENTALS (booking_id, user_id, car_id, start_date, end_date, status, rental_date, return_date, feedback, is_del, create_date, create_by, update_date, update_by) VALUES (97, 12, 10, '2023-01-19', '2023-02-13', 'Pending', NULL, NULL, NULL, False, '2024-01-20', 'admin', '2024-08-14', 'admin');
INSERT INTO BOOKINGS_RENTALS (booking_id, user_id, car_id, start_date, end_date, status, rental_date, return_date, feedback, is_del, create_date, create_by, update_date, update_by) VALUES (98, 13, 8, '2024-06-29', '2024-07-18', 'Approved', '2024-06-29', '2024-07-18', 'Head eat real public until necessary customer somebody.', False, '2024-05-09', 'admin', '2024-07-04', 'admin');
INSERT INTO BOOKINGS_RENTALS (booking_id, user_id, car_id, start_date, end_date, status, rental_date, return_date, feedback, is_del, create_date, create_by, update_date, update_by) VALUES (99, 15, 5, '2024-06-10', '2024-06-14', 'Pending', NULL, NULL, NULL, False, '2024-06-18', 'admin', '2024-07-12', 'admin');
INSERT INTO BOOKINGS_RENTALS (booking_id, user_id, car_id, start_date, end_date, status, rental_date, return_date, feedback, is_del, create_date, create_by, update_date, update_by) VALUES (100, 14, 9, '2023-06-07', '2023-06-15', 'Denied', NULL, NULL, NULL, False, '2024-01-11', 'admin', '2024-08-16', 'admin');
INSERT INTO BOOKINGS_RENTALS (booking_id, user_id, car_id, start_date, end_date, status, rental_date, return_date, feedback, is_del, create_date, create_by, update_date, update_by) VALUES (101, 15, 18, '2022-10-04', '2022-10-25', 'Approved', '2022-10-04', '2022-10-25', 'All since attorney economy begin might parent lay.', False, '2024-07-24', 'admin', '2024-03-11', 'admin');
INSERT INTO BOOKINGS_RENTALS (booking_id, user_id, car_id, start_date, end_date, status, rental_date, return_date, feedback, is_del, create_date, create_by, update_date, update_by) VALUES (102, 8, 2, '2023-11-20', '2023-12-06', 'Denied', NULL, NULL, NULL, False, '2024-04-19', 'admin', '2024-04-20', 'admin');
INSERT INTO BOOKINGS_RENTALS (booking_id, user_id, car_id, start_date, end_date, status, rental_date, return_date, feedback, is_del, create_date, create_by, update_date, update_by) VALUES (103, 13, 3, '2022-09-17', '2022-10-15', 'Pending', NULL, NULL, NULL, False, '2024-08-22', 'admin', '2024-02-03', 'admin');
INSERT INTO BOOKINGS_RENTALS (booking_id, user_id, car_id, start_date, end_date, status, rental_date, return_date, feedback, is_del, create_date, create_by, update_date, update_by) VALUES (104, 13, 1, '2024-05-17', '2024-06-01', 'Approved', '2024-05-17', '2024-06-01', 'Final science especially score since spend tax.', False, '2024-08-08', 'admin', '2024-01-28', 'admin');
INSERT INTO BOOKINGS_RENTALS (booking_id, user_id, car_id, start_date, end_date, status, rental_date, return_date, feedback, is_del, create_date, create_by, update_date, update_by) VALUES (105, 3, 18, '2023-10-02', '2023-10-08', 'Approved', '2023-10-02', '2023-10-08', 'Bad standard simply record establish send degree sense.', False, '2024-07-23', 'admin', '2024-04-29', 'admin');
INSERT INTO BOOKINGS_RENTALS (booking_id, user_id, car_id, start_date, end_date, status, rental_date, return_date, feedback, is_del, create_date, create_by, update_date, update_by) VALUES (106, 4, 11, '2022-09-27', '2022-10-26', 'Approved', '2022-09-27', '2022-10-26', 'Who because that trade tax admit through.', False, '2024-04-15', 'admin', '2024-04-16', 'admin');
INSERT INTO BOOKINGS_RENTALS (booking_id, user_id, car_id, start_date, end_date, status, rental_date, return_date, feedback, is_del, create_date, create_by, update_date, update_by) VALUES (107, 19, 2, '2024-03-27', '2024-03-30', 'Denied', NULL, NULL, NULL, False, '2024-02-12', 'admin', '2024-04-25', 'admin');
INSERT INTO BOOKINGS_RENTALS (booking_id, user_id, car_id, start_date, end_date, status, rental_date, return_date, feedback, is_del, create_date, create_by, update_date, update_by) VALUES (108, 10, 18, '2023-04-26', '2023-05-12', 'Approved', '2023-04-26', '2023-05-12', 'Actually can require positive next similar.', False, '2024-06-29', 'admin', '2024-05-02', 'admin');
INSERT INTO BOOKINGS_RENTALS (booking_id, user_id, car_id, start_date, end_date, status, rental_date, return_date, feedback, is_del, create_date, create_by, update_date, update_by) VALUES (109, 5, 5, '2022-12-22', '2023-01-03', 'Denied', NULL, NULL, NULL, False, '2024-03-09', 'admin', '2024-04-18', 'admin');
INSERT INTO BOOKINGS_RENTALS (booking_id, user_id, car_id, start_date, end_date, status, rental_date, return_date, feedback, is_del, create_date, create_by, update_date, update_by) VALUES (110, 15, 12, '2024-04-30', '2024-05-20', 'Approved', '2024-04-30', '2024-05-20', 'Always kind one painting pressure.', False, '2024-01-01', 'admin', '2024-08-05', 'admin');
INSERT INTO BOOKINGS_RENTALS (booking_id, user_id, car_id, start_date, end_date, status, rental_date, return_date, feedback, is_del, create_date, create_by, update_date, update_by) VALUES (111, 10, 8, '2023-03-27', '2023-03-31', 'Denied', NULL, NULL, NULL, False, '2024-03-25', 'admin', '2024-03-03', 'admin');
INSERT INTO BOOKINGS_RENTALS (booking_id, user_id, car_id, start_date, end_date, status, rental_date, return_date, feedback, is_del, create_date, create_by, update_date, update_by) VALUES (112, 10, 3, '2023-06-24', '2023-07-21', 'Approved', '2023-06-24', '2023-07-21', 'Right probably bill fine his country PM answer.', False, '2024-08-26', 'admin', '2024-02-22', 'admin');
INSERT INTO BOOKINGS_RENTALS (booking_id, user_id, car_id, start_date, end_date, status, rental_date, return_date, feedback, is_del, create_date, create_by, update_date, update_by) VALUES (113, 15, 2, '2023-07-06', '2023-07-14', 'Pending', NULL, NULL, NULL, False, '2024-06-16', 'admin', '2024-06-06', 'admin');
INSERT INTO BOOKINGS_RENTALS (booking_id, user_id, car_id, start_date, end_date, status, rental_date, return_date, feedback, is_del, create_date, create_by, update_date, update_by) VALUES (114, 19, 8, '2024-07-25', '2024-08-17', 'Pending', NULL, NULL, NULL, False, '2024-06-09', 'admin', '2024-07-30', 'admin');
INSERT INTO BOOKINGS_RENTALS (booking_id, user_id, car_id, start_date, end_date, status, rental_date, return_date, feedback, is_del, create_date, create_by, update_date, update_by) VALUES (115, 13, 16, '2023-08-04', '2023-09-01', 'Pending', NULL, NULL, NULL, False, '2024-02-04', 'admin', '2024-05-02', 'admin');
INSERT INTO BOOKINGS_RENTALS (booking_id, user_id, car_id, start_date, end_date, status, rental_date, return_date, feedback, is_del, create_date, create_by, update_date, update_by) VALUES (116, 1, 18, '2024-08-01', '2024-08-27', 'Denied', NULL, NULL, NULL, False, '2024-07-21', 'admin', '2024-08-04', 'admin');
INSERT INTO BOOKINGS_RENTALS (booking_id, user_id, car_id, start_date, end_date, status, rental_date, return_date, feedback, is_del, create_date, create_by, update_date, update_by) VALUES (117, 6, 15, '2023-09-14', '2023-09-21', 'Approved', '2023-09-14', '2023-09-21', 'Establish newspaper move require model week among.', False, '2024-07-22', 'admin', '2024-04-18', 'admin');
INSERT INTO BOOKINGS_RENTALS (booking_id, user_id, car_id, start_date, end_date, status, rental_date, return_date, feedback, is_del, create_date, create_by, update_date, update_by) VALUES (118, 5, 17, '2023-04-01', '2023-04-19', 'Denied', NULL, NULL, NULL, False, '2024-04-16', 'admin', '2024-07-19', 'admin');
INSERT INTO BOOKINGS_RENTALS (booking_id, user_id, car_id, start_date, end_date, status, rental_date, return_date, feedback, is_del, create_date, create_by, update_date, update_by) VALUES (119, 4, 17, '2024-07-04', '2024-07-16', 'Pending', NULL, NULL, NULL, False, '2024-08-27', 'admin', '2024-03-02', 'admin');
INSERT INTO BOOKINGS_RENTALS (booking_id, user_id, car_id, start_date, end_date, status, rental_date, return_date, feedback, is_del, create_date, create_by, update_date, update_by) VALUES (120, 13, 6, '2024-06-23', '2024-06-28', 'Denied', NULL, NULL, NULL, False, '2024-01-06', 'admin', '2024-01-09', 'admin');
INSERT INTO BOOKINGS_RENTALS (booking_id, user_id, car_id, start_date, end_date, status, rental_date, return_date, feedback, is_del, create_date, create_by, update_date, update_by) VALUES (121, 9, 3, '2024-04-29', '2024-05-23', 'Approved', '2024-04-29', '2024-05-23', 'Strong raise think plant it reason.', False, '2024-08-11', 'admin', '2024-03-01', 'admin');
INSERT INTO BOOKINGS_RENTALS (booking_id, user_id, car_id, start_date, end_date, status, rental_date, return_date, feedback, is_del, create_date, create_by, update_date, update_by) VALUES (122, 9, 17, '2023-04-19', '2023-05-04', 'Approved', '2023-04-19', '2023-05-04', 'Gun worker human drive a its analysis.', False, '2024-05-18', 'admin', '2024-04-03', 'admin');
INSERT INTO BOOKINGS_RENTALS (booking_id, user_id, car_id, start_date, end_date, status, rental_date, return_date, feedback, is_del, create_date, create_by, update_date, update_by) VALUES (123, 2, 10, '2023-09-30', '2023-10-04', 'Denied', NULL, NULL, NULL, False, '2024-01-03', 'admin', '2024-08-07', 'admin');
INSERT INTO BOOKINGS_RENTALS (booking_id, user_id, car_id, start_date, end_date, status, rental_date, return_date, feedback, is_del, create_date, create_by, update_date, update_by) VALUES (124, 20, 10, '2022-09-06', '2022-09-17', 'Denied', NULL, NULL, NULL, False, '2024-03-23', 'admin', '2024-06-26', 'admin');
INSERT INTO BOOKINGS_RENTALS (booking_id, user_id, car_id, start_date, end_date, status, rental_date, return_date, feedback, is_del, create_date, create_by, update_date, update_by) VALUES (125, 19, 16, '2022-09-02', '2022-09-18', 'Approved', '2022-09-02', '2022-09-18', 'Evening above resource.', False, '2024-04-09', 'admin', '2024-01-21', 'admin');
INSERT INTO BOOKINGS_RENTALS (booking_id, user_id, car_id, start_date, end_date, status, rental_date, return_date, feedback, is_del, create_date, create_by, update_date, update_by) VALUES (126, 7, 19, '2024-05-28', '2024-06-13', 'Pending', NULL, NULL, NULL, False, '2024-03-30', 'admin', '2024-08-05', 'admin');
INSERT INTO BOOKINGS_RENTALS (booking_id, user_id, car_id, start_date, end_date, status, rental_date, return_date, feedback, is_del, create_date, create_by, update_date, update_by) VALUES (127, 6, 18, '2023-03-05', '2023-03-06', 'Approved', '2023-03-05', '2023-03-06', 'Different travel position world whom number.', False, '2024-05-04', 'admin', '2024-07-08', 'admin');
INSERT INTO BOOKINGS_RENTALS (booking_id, user_id, car_id, start_date, end_date, status, rental_date, return_date, feedback, is_del, create_date, create_by, update_date, update_by) VALUES (128, 8, 5, '2023-12-31', '2024-01-28', 'Approved', '2023-12-31', '2024-01-28', 'Life science perform check red.', False, '2024-03-18', 'admin', '2024-06-03', 'admin');
INSERT INTO BOOKINGS_RENTALS (booking_id, user_id, car_id, start_date, end_date, status, rental_date, return_date, feedback, is_del, create_date, create_by, update_date, update_by) VALUES (129, 10, 2, '2022-12-28', '2023-01-19', 'Denied', NULL, NULL, NULL, False, '2024-08-16', 'admin', '2024-05-19', 'admin');
INSERT INTO BOOKINGS_RENTALS (booking_id, user_id, car_id, start_date, end_date, status, rental_date, return_date, feedback, is_del, create_date, create_by, update_date, update_by) VALUES (130, 11, 8, '2024-03-30', '2024-04-25', 'Pending', NULL, NULL, NULL, False, '2024-03-04', 'admin', '2024-01-11', 'admin');
INSERT INTO BOOKINGS_RENTALS (booking_id, user_id, car_id, start_date, end_date, status, rental_date, return_date, feedback, is_del, create_date, create_by, update_date, update_by) VALUES (131, 18, 16, '2024-08-14', '2024-09-11', 'Pending', NULL, NULL, NULL, False, '2024-01-29', 'admin', '2024-03-09', 'admin');
INSERT INTO BOOKINGS_RENTALS (booking_id, user_id, car_id, start_date, end_date, status, rental_date, return_date, feedback, is_del, create_date, create_by, update_date, update_by) VALUES (132, 3, 12, '2024-08-11', '2024-08-17', 'Denied', NULL, NULL, NULL, False, '2024-07-23', 'admin', '2024-07-30', 'admin');
INSERT INTO BOOKINGS_RENTALS (booking_id, user_id, car_id, start_date, end_date, status, rental_date, return_date, feedback, is_del, create_date, create_by, update_date, update_by) VALUES (133, 4, 14, '2023-04-28', '2023-05-01', 'Denied', NULL, NULL, NULL, False, '2024-07-04', 'admin', '2024-08-08', 'admin');
INSERT INTO BOOKINGS_RENTALS (booking_id, user_id, car_id, start_date, end_date, status, rental_date, return_date, feedback, is_del, create_date, create_by, update_date, update_by) VALUES (134, 9, 13, '2022-09-07', '2022-09-15', 'Denied', NULL, NULL, NULL, False, '2024-02-26', 'admin', '2024-03-03', 'admin');
INSERT INTO BOOKINGS_RENTALS (booking_id, user_id, car_id, start_date, end_date, status, rental_date, return_date, feedback, is_del, create_date, create_by, update_date, update_by) VALUES (135, 18, 13, '2022-12-16', '2023-01-09', 'Approved', '2022-12-16', '2023-01-09', 'Energy water town southern class.', False, '2024-06-01', 'admin', '2024-08-12', 'admin');
INSERT INTO BOOKINGS_RENTALS (booking_id, user_id, car_id, start_date, end_date, status, rental_date, return_date, feedback, is_del, create_date, create_by, update_date, update_by) VALUES (136, 15, 2, '2024-01-22', '2024-02-20', 'Pending', NULL, NULL, NULL, False, '2024-02-09', 'admin', '2024-03-04', 'admin');
INSERT INTO BOOKINGS_RENTALS (booking_id, user_id, car_id, start_date, end_date, status, rental_date, return_date, feedback, is_del, create_date, create_by, update_date, update_by) VALUES (137, 9, 6, '2024-03-18', '2024-04-06', 'Pending', NULL, NULL, NULL, False, '2024-01-04', 'admin', '2024-08-27', 'admin');
INSERT INTO BOOKINGS_RENTALS (booking_id, user_id, car_id, start_date, end_date, status, rental_date, return_date, feedback, is_del, create_date, create_by, update_date, update_by) VALUES (138, 12, 15, '2023-03-10', '2023-04-04', 'Pending', NULL, NULL, NULL, False, '2024-07-17', 'admin', '2024-01-22', 'admin');
INSERT INTO BOOKINGS_RENTALS (booking_id, user_id, car_id, start_date, end_date, status, rental_date, return_date, feedback, is_del, create_date, create_by, update_date, update_by) VALUES (139, 7, 8, '2023-09-17', '2023-10-13', 'Pending', NULL, NULL, NULL, False, '2024-07-05', 'admin', '2024-07-14', 'admin');
INSERT INTO BOOKINGS_RENTALS (booking_id, user_id, car_id, start_date, end_date, status, rental_date, return_date, feedback, is_del, create_date, create_by, update_date, update_by) VALUES (140, 17, 10, '2024-07-08', '2024-07-24', 'Approved', '2024-07-08', '2024-07-24', 'Bank ground tonight idea white.', False, '2024-03-26', 'admin', '2024-07-22', 'admin');
INSERT INTO BOOKINGS_RENTALS (booking_id, user_id, car_id, start_date, end_date, status, rental_date, return_date, feedback, is_del, create_date, create_by, update_date, update_by) VALUES (141, 5, 15, '2024-02-26', '2024-03-05', 'Pending', NULL, NULL, NULL, False, '2024-06-15', 'admin', '2024-06-10', 'admin');
INSERT INTO BOOKINGS_RENTALS (booking_id, user_id, car_id, start_date, end_date, status, rental_date, return_date, feedback, is_del, create_date, create_by, update_date, update_by) VALUES (142, 10, 10, '2023-10-11', '2023-11-08', 'Pending', NULL, NULL, NULL, False, '2024-02-17', 'admin', '2024-07-12', 'admin');
INSERT INTO BOOKINGS_RENTALS (booking_id, user_id, car_id, start_date, end_date, status, rental_date, return_date, feedback, is_del, create_date, create_by, update_date, update_by) VALUES (143, 12, 5, '2022-10-24', '2022-11-03', 'Approved', '2022-10-24', '2022-11-03', 'High both dog personal trip.', False, '2024-02-01', 'admin', '2024-04-19', 'admin');
INSERT INTO BOOKINGS_RENTALS (booking_id, user_id, car_id, start_date, end_date, status, rental_date, return_date, feedback, is_del, create_date, create_by, update_date, update_by) VALUES (144, 12, 15, '2022-11-22', '2022-12-20', 'Denied', NULL, NULL, NULL, False, '2024-03-13', 'admin', '2024-07-19', 'admin');
INSERT INTO BOOKINGS_RENTALS (booking_id, user_id, car_id, start_date, end_date, status, rental_date, return_date, feedback, is_del, create_date, create_by, update_date, update_by) VALUES (145, 20, 9, '2023-12-26', '2024-01-18', 'Denied', NULL, NULL, NULL, False, '2024-07-18', 'admin', '2024-02-05', 'admin');
INSERT INTO BOOKINGS_RENTALS (booking_id, user_id, car_id, start_date, end_date, status, rental_date, return_date, feedback, is_del, create_date, create_by, update_date, update_by) VALUES (146, 4, 6, '2022-10-20', '2022-11-11', 'Approved', '2022-10-20', '2022-11-11', 'Everybody past mention treat team office until.', False, '2024-08-15', 'admin', '2024-07-17', 'admin');
INSERT INTO BOOKINGS_RENTALS (booking_id, user_id, car_id, start_date, end_date, status, rental_date, return_date, feedback, is_del, create_date, create_by, update_date, update_by) VALUES (147, 2, 4, '2023-07-02', '2023-07-07', 'Denied', NULL, NULL, NULL, False, '2024-06-05', 'admin', '2024-07-20', 'admin');
INSERT INTO BOOKINGS_RENTALS (booking_id, user_id, car_id, start_date, end_date, status, rental_date, return_date, feedback, is_del, create_date, create_by, update_date, update_by) VALUES (148, 7, 12, '2023-01-13', '2023-01-29', 'Denied', NULL, NULL, NULL, False, '2024-08-13', 'admin', '2024-04-07', 'admin');
INSERT INTO BOOKINGS_RENTALS (booking_id, user_id, car_id, start_date, end_date, status, rental_date, return_date, feedback, is_del, create_date, create_by, update_date, update_by) VALUES (149, 6, 12, '2024-02-15', '2024-02-16', 'Denied', NULL, NULL, NULL, False, '2024-02-20', 'admin', '2024-07-08', 'admin');
INSERT INTO BOOKINGS_RENTALS (booking_id, user_id, car_id, start_date, end_date, status, rental_date, return_date, feedback, is_del, create_date, create_by, update_date, update_by) VALUES (150, 15, 20, '2022-11-04', '2022-11-09', 'Denied', NULL, NULL, NULL, False, '2024-06-10', 'admin', '2024-04-16', 'admin');
INSERT INTO BOOKINGS_RENTALS (booking_id, user_id, car_id, start_date, end_date, status, rental_date, return_date, feedback, is_del, create_date, create_by, update_date, update_by) VALUES (151, 13, 20, '2024-04-02', '2024-04-30', 'Approved', '2024-04-02', '2024-04-30', 'Left close about each.', False, '2024-01-04', 'admin', '2024-03-03', 'admin');
INSERT INTO BOOKINGS_RENTALS (booking_id, user_id, car_id, start_date, end_date, status, rental_date, return_date, feedback, is_del, create_date, create_by, update_date, update_by) VALUES (152, 6, 1, '2024-05-24', '2024-06-10', 'Approved', '2024-05-24', '2024-06-10', 'Soon treatment investment against.', False, '2024-01-17', 'admin', '2024-06-29', 'admin');
INSERT INTO BOOKINGS_RENTALS (booking_id, user_id, car_id, start_date, end_date, status, rental_date, return_date, feedback, is_del, create_date, create_by, update_date, update_by) VALUES (153, 11, 12, '2024-07-26', '2024-08-15', 'Denied', NULL, NULL, NULL, False, '2024-01-01', 'admin', '2024-01-21', 'admin');
INSERT INTO BOOKINGS_RENTALS (booking_id, user_id, car_id, start_date, end_date, status, rental_date, return_date, feedback, is_del, create_date, create_by, update_date, update_by) VALUES (154, 16, 7, '2023-11-01', '2023-11-14', 'Pending', NULL, NULL, NULL, False, '2024-08-10', 'admin', '2024-07-25', 'admin');
INSERT INTO BOOKINGS_RENTALS (booking_id, user_id, car_id, start_date, end_date, status, rental_date, return_date, feedback, is_del, create_date, create_by, update_date, update_by) VALUES (155, 15, 11, '2023-06-10', '2023-06-19', 'Pending', NULL, NULL, NULL, False, '2024-02-02', 'admin', '2024-03-31', 'admin');
INSERT INTO BOOKINGS_RENTALS (booking_id, user_id, car_id, start_date, end_date, status, rental_date, return_date, feedback, is_del, create_date, create_by, update_date, update_by) VALUES (156, 19, 12, '2023-01-18', '2023-01-22', 'Pending', NULL, NULL, NULL, False, '2024-04-21', 'admin', '2024-05-23', 'admin');
INSERT INTO BOOKINGS_RENTALS (booking_id, user_id, car_id, start_date, end_date, status, rental_date, return_date, feedback, is_del, create_date, create_by, update_date, update_by) VALUES (157, 7, 8, '2023-11-02', '2023-11-14', 'Denied', NULL, NULL, NULL, False, '2024-06-16', 'admin', '2024-07-02', 'admin');
INSERT INTO BOOKINGS_RENTALS (booking_id, user_id, car_id, start_date, end_date, status, rental_date, return_date, feedback, is_del, create_date, create_by, update_date, update_by) VALUES (158, 3, 13, '2024-06-07', '2024-06-20', 'Denied', NULL, NULL, NULL, False, '2024-04-13', 'admin', '2024-03-29', 'admin');
INSERT INTO BOOKINGS_RENTALS (booking_id, user_id, car_id, start_date, end_date, status, rental_date, return_date, feedback, is_del, create_date, create_by, update_date, update_by) VALUES (159, 16, 11, '2023-09-24', '2023-10-04', 'Pending', NULL, NULL, NULL, False, '2024-02-01', 'admin', '2024-08-21', 'admin');
INSERT INTO BOOKINGS_RENTALS (booking_id, user_id, car_id, start_date, end_date, status, rental_date, return_date, feedback, is_del, create_date, create_by, update_date, update_by) VALUES (160, 20, 20, '2023-10-04', '2023-10-21', 'Pending', NULL, NULL, NULL, False, '2024-05-09', 'admin', '2024-08-27', 'admin');
INSERT INTO BOOKINGS_RENTALS (booking_id, user_id, car_id, start_date, end_date, status, rental_date, return_date, feedback, is_del, create_date, create_by, update_date, update_by) VALUES (161, 3, 13, '2024-03-16', '2024-04-04', 'Approved', '2024-03-16', '2024-04-04', 'Board fight painting.', False, '2024-08-27', 'admin', '2024-07-15', 'admin');
INSERT INTO BOOKINGS_RENTALS (booking_id, user_id, car_id, start_date, end_date, status, rental_date, return_date, feedback, is_del, create_date, create_by, update_date, update_by) VALUES (162, 20, 19, '2022-12-18', '2022-12-26', 'Pending', NULL, NULL, NULL, False, '2024-03-01', 'admin', '2024-06-25', 'admin');
INSERT INTO BOOKINGS_RENTALS (booking_id, user_id, car_id, start_date, end_date, status, rental_date, return_date, feedback, is_del, create_date, create_by, update_date, update_by) VALUES (163, 18, 20, '2024-08-08', '2024-08-24', 'Denied', NULL, NULL, NULL, False, '2024-06-25', 'admin', '2024-03-20', 'admin');
INSERT INTO BOOKINGS_RENTALS (booking_id, user_id, car_id, start_date, end_date, status, rental_date, return_date, feedback, is_del, create_date, create_by, update_date, update_by) VALUES (164, 7, 11, '2022-11-04', '2022-12-02', 'Approved', '2022-11-04', '2022-12-02', 'A firm but source another remember nothing be.', False, '2024-07-08', 'admin', '2024-01-20', 'admin');
INSERT INTO BOOKINGS_RENTALS (booking_id, user_id, car_id, start_date, end_date, status, rental_date, return_date, feedback, is_del, create_date, create_by, update_date, update_by) VALUES (165, 9, 15, '2022-09-29', '2022-10-07', 'Approved', '2022-09-29', '2022-10-07', 'Avoid sit natural quite kid.', False, '2024-01-19', 'admin', '2024-01-25', 'admin');
INSERT INTO BOOKINGS_RENTALS (booking_id, user_id, car_id, start_date, end_date, status, rental_date, return_date, feedback, is_del, create_date, create_by, update_date, update_by) VALUES (166, 12, 8, '2023-02-05', '2023-02-13', 'Pending', NULL, NULL, NULL, False, '2024-02-06', 'admin', '2024-08-20', 'admin');
INSERT INTO BOOKINGS_RENTALS (booking_id, user_id, car_id, start_date, end_date, status, rental_date, return_date, feedback, is_del, create_date, create_by, update_date, update_by) VALUES (167, 6, 5, '2023-08-29', '2023-09-20', 'Denied', NULL, NULL, NULL, False, '2024-02-25', 'admin', '2024-05-20', 'admin');
INSERT INTO BOOKINGS_RENTALS (booking_id, user_id, car_id, start_date, end_date, status, rental_date, return_date, feedback, is_del, create_date, create_by, update_date, update_by) VALUES (168, 1, 14, '2022-11-06', '2022-11-17', 'Pending', NULL, NULL, NULL, False, '2024-03-09', 'admin', '2024-02-06', 'admin');
INSERT INTO BOOKINGS_RENTALS (booking_id, user_id, car_id, start_date, end_date, status, rental_date, return_date, feedback, is_del, create_date, create_by, update_date, update_by) VALUES (169, 16, 9, '2024-04-15', '2024-04-21', 'Pending', NULL, NULL, NULL, False, '2024-04-27', 'admin', '2024-08-05', 'admin');
INSERT INTO BOOKINGS_RENTALS (booking_id, user_id, car_id, start_date, end_date, status, rental_date, return_date, feedback, is_del, create_date, create_by, update_date, update_by) VALUES (170, 9, 18, '2024-06-20', '2024-06-21', 'Denied', NULL, NULL, NULL, False, '2024-02-16', 'admin', '2024-04-05', 'admin');
INSERT INTO BOOKINGS_RENTALS (booking_id, user_id, car_id, start_date, end_date, status, rental_date, return_date, feedback, is_del, create_date, create_by, update_date, update_by) VALUES (171, 10, 15, '2022-09-11', '2022-09-29', 'Approved', '2022-09-11', '2022-09-29', 'Ability fill provide step.', False, '2024-07-30', 'admin', '2024-02-27', 'admin');
INSERT INTO BOOKINGS_RENTALS (booking_id, user_id, car_id, start_date, end_date, status, rental_date, return_date, feedback, is_del, create_date, create_by, update_date, update_by) VALUES (172, 18, 14, '2023-12-11', '2023-12-17', 'Pending', NULL, NULL, NULL, False, '2024-04-22', 'admin', '2024-04-04', 'admin');
INSERT INTO BOOKINGS_RENTALS (booking_id, user_id, car_id, start_date, end_date, status, rental_date, return_date, feedback, is_del, create_date, create_by, update_date, update_by) VALUES (173, 9, 4, '2023-03-19', '2023-04-17', 'Approved', '2023-03-19', '2023-04-17', 'Popular cost picture beautiful include you.', False, '2024-01-25', 'admin', '2024-08-25', 'admin');
INSERT INTO BOOKINGS_RENTALS (booking_id, user_id, car_id, start_date, end_date, status, rental_date, return_date, feedback, is_del, create_date, create_by, update_date, update_by) VALUES (174, 8, 5, '2023-08-18', '2023-08-20', 'Denied', NULL, NULL, NULL, False, '2024-01-04', 'admin', '2024-05-05', 'admin');
INSERT INTO BOOKINGS_RENTALS (booking_id, user_id, car_id, start_date, end_date, status, rental_date, return_date, feedback, is_del, create_date, create_by, update_date, update_by) VALUES (175, 3, 20, '2024-03-15', '2024-03-29', 'Denied', NULL, NULL, NULL, False, '2024-08-12', 'admin', '2024-08-18', 'admin');
INSERT INTO BOOKINGS_RENTALS (booking_id, user_id, car_id, start_date, end_date, status, rental_date, return_date, feedback, is_del, create_date, create_by, update_date, update_by) VALUES (176, 18, 13, '2024-05-20', '2024-06-14', 'Approved', '2024-05-20', '2024-06-14', 'Partner realize church leave much land.', False, '2024-03-20', 'admin', '2024-07-31', 'admin');
INSERT INTO BOOKINGS_RENTALS (booking_id, user_id, car_id, start_date, end_date, status, rental_date, return_date, feedback, is_del, create_date, create_by, update_date, update_by) VALUES (177, 20, 19, '2023-09-02', '2023-09-18', 'Approved', '2023-09-02', '2023-09-18', 'According company possible throughout account central throw.', False, '2024-03-12', 'admin', '2024-07-17', 'admin');
INSERT INTO BOOKINGS_RENTALS (booking_id, user_id, car_id, start_date, end_date, status, rental_date, return_date, feedback, is_del, create_date, create_by, update_date, update_by) VALUES (178, 18, 9, '2022-09-23', '2022-09-27', 'Pending', NULL, NULL, NULL, False, '2024-05-09', 'admin', '2024-06-03', 'admin');
INSERT INTO BOOKINGS_RENTALS (booking_id, user_id, car_id, start_date, end_date, status, rental_date, return_date, feedback, is_del, create_date, create_by, update_date, update_by) VALUES (179, 16, 10, '2024-05-06', '2024-05-09', 'Pending', NULL, NULL, NULL, False, '2024-08-15', 'admin', '2024-07-15', 'admin');
INSERT INTO BOOKINGS_RENTALS (booking_id, user_id, car_id, start_date, end_date, status, rental_date, return_date, feedback, is_del, create_date, create_by, update_date, update_by) VALUES (180, 5, 18, '2024-08-16', '2024-08-31', 'Approved', '2024-08-16', '2024-08-31', 'Measure base out ok pattern center face.', False, '2024-05-28', 'admin', '2024-01-31', 'admin');
INSERT INTO BOOKINGS_RENTALS (booking_id, user_id, car_id, start_date, end_date, status, rental_date, return_date, feedback, is_del, create_date, create_by, update_date, update_by) VALUES (181, 18, 2, '2023-01-31', '2023-02-10', 'Approved', '2023-01-31', '2023-02-10', 'Everything husband building car same.', False, '2024-05-05', 'admin', '2024-05-13', 'admin');
INSERT INTO BOOKINGS_RENTALS (booking_id, user_id, car_id, start_date, end_date, status, rental_date, return_date, feedback, is_del, create_date, create_by, update_date, update_by) VALUES (182, 17, 7, '2024-08-22', '2024-09-08', 'Denied', NULL, NULL, NULL, False, '2024-05-26', 'admin', '2024-07-27', 'admin');
INSERT INTO BOOKINGS_RENTALS (booking_id, user_id, car_id, start_date, end_date, status, rental_date, return_date, feedback, is_del, create_date, create_by, update_date, update_by) VALUES (183, 20, 17, '2024-07-16', '2024-08-10', 'Approved', '2024-07-16', '2024-08-10', 'Somebody style hear.', False, '2024-08-20', 'admin', '2024-04-11', 'admin');
INSERT INTO BOOKINGS_RENTALS (booking_id, user_id, car_id, start_date, end_date, status, rental_date, return_date, feedback, is_del, create_date, create_by, update_date, update_by) VALUES (184, 11, 7, '2024-08-17', '2024-09-03', 'Denied', NULL, NULL, NULL, False, '2024-02-15', 'admin', '2024-06-10', 'admin');
INSERT INTO BOOKINGS_RENTALS (booking_id, user_id, car_id, start_date, end_date, status, rental_date, return_date, feedback, is_del, create_date, create_by, update_date, update_by) VALUES (185, 3, 7, '2023-06-26', '2023-07-20', 'Pending', NULL, NULL, NULL, False, '2024-07-02', 'admin', '2024-04-01', 'admin');
INSERT INTO BOOKINGS_RENTALS (booking_id, user_id, car_id, start_date, end_date, status, rental_date, return_date, feedback, is_del, create_date, create_by, update_date, update_by) VALUES (186, 7, 13, '2023-01-20', '2023-02-12', 'Denied', NULL, NULL, NULL, False, '2024-06-20', 'admin', '2024-08-26', 'admin');
INSERT INTO BOOKINGS_RENTALS (booking_id, user_id, car_id, start_date, end_date, status, rental_date, return_date, feedback, is_del, create_date, create_by, update_date, update_by) VALUES (187, 18, 9, '2023-01-03', '2023-01-29', 'Approved', '2023-01-03', '2023-01-29', 'Evening yourself wrong more show.', False, '2024-03-04', 'admin', '2024-07-30', 'admin');
INSERT INTO BOOKINGS_RENTALS (booking_id, user_id, car_id, start_date, end_date, status, rental_date, return_date, feedback, is_del, create_date, create_by, update_date, update_by) VALUES (188, 4, 13, '2024-03-20', '2024-04-19', 'Denied', NULL, NULL, NULL, False, '2024-07-27', 'admin', '2024-04-20', 'admin');
INSERT INTO BOOKINGS_RENTALS (booking_id, user_id, car_id, start_date, end_date, status, rental_date, return_date, feedback, is_del, create_date, create_by, update_date, update_by) VALUES (189, 16, 11, '2024-05-07', '2024-05-21', 'Pending', NULL, NULL, NULL, False, '2024-02-19', 'admin', '2024-07-27', 'admin');
INSERT INTO BOOKINGS_RENTALS (booking_id, user_id, car_id, start_date, end_date, status, rental_date, return_date, feedback, is_del, create_date, create_by, update_date, update_by) VALUES (190, 2, 17, '2024-08-05', '2024-09-01', 'Denied', NULL, NULL, NULL, False, '2024-02-20', 'admin', '2024-04-15', 'admin');
INSERT INTO BOOKINGS_RENTALS (booking_id, user_id, car_id, start_date, end_date, status, rental_date, return_date, feedback, is_del, create_date, create_by, update_date, update_by) VALUES (191, 8, 4, '2023-04-14', '2023-05-08', 'Approved', '2023-04-14', '2023-05-08', 'Occur nor defense card far threat news other.', False, '2024-03-25', 'admin', '2024-03-24', 'admin');
INSERT INTO BOOKINGS_RENTALS (booking_id, user_id, car_id, start_date, end_date, status, rental_date, return_date, feedback, is_del, create_date, create_by, update_date, update_by) VALUES (192, 5, 14, '2024-07-02', '2024-07-07', 'Approved', '2024-07-02', '2024-07-07', 'Scientist lose current foreign TV meeting.', False, '2024-05-22', 'admin', '2024-04-05', 'admin');
INSERT INTO BOOKINGS_RENTALS (booking_id, user_id, car_id, start_date, end_date, status, rental_date, return_date, feedback, is_del, create_date, create_by, update_date, update_by) VALUES (193, 10, 5, '2023-03-15', '2023-04-09', 'Denied', NULL, NULL, NULL, False, '2024-01-20', 'admin', '2024-08-08', 'admin');
INSERT INTO BOOKINGS_RENTALS (booking_id, user_id, car_id, start_date, end_date, status, rental_date, return_date, feedback, is_del, create_date, create_by, update_date, update_by) VALUES (194, 9, 3, '2024-08-05', '2024-08-13', 'Pending', NULL, NULL, NULL, False, '2024-06-30', 'admin', '2024-08-13', 'admin');
INSERT INTO BOOKINGS_RENTALS (booking_id, user_id, car_id, start_date, end_date, status, rental_date, return_date, feedback, is_del, create_date, create_by, update_date, update_by) VALUES (195, 6, 5, '2022-11-24', '2022-12-02', 'Denied', NULL, NULL, NULL, False, '2024-06-13', 'admin', '2024-05-31', 'admin');
INSERT INTO BOOKINGS_RENTALS (booking_id, user_id, car_id, start_date, end_date, status, rental_date, return_date, feedback, is_del, create_date, create_by, update_date, update_by) VALUES (196, 19, 14, '2024-03-11', '2024-04-04', 'Denied', NULL, NULL, NULL, False, '2024-07-27', 'admin', '2024-08-20', 'admin');
INSERT INTO BOOKINGS_RENTALS (booking_id, user_id, car_id, start_date, end_date, status, rental_date, return_date, feedback, is_del, create_date, create_by, update_date, update_by) VALUES (197, 10, 2, '2024-01-09', '2024-02-02', 'Denied', NULL, NULL, NULL, False, '2024-04-18', 'admin', '2024-04-03', 'admin');
INSERT INTO BOOKINGS_RENTALS (booking_id, user_id, car_id, start_date, end_date, status, rental_date, return_date, feedback, is_del, create_date, create_by, update_date, update_by) VALUES (198, 11, 11, '2023-01-28', '2023-02-10', 'Pending', NULL, NULL, NULL, False, '2024-04-30', 'admin', '2024-02-01', 'admin');
INSERT INTO BOOKINGS_RENTALS (booking_id, user_id, car_id, start_date, end_date, status, rental_date, return_date, feedback, is_del, create_date, create_by, update_date, update_by) VALUES (199, 7, 20, '2022-09-05', '2022-09-26', 'Denied', NULL, NULL, NULL, False, '2024-02-07', 'admin', '2024-05-06', 'admin');
INSERT INTO BOOKINGS_RENTALS (booking_id, user_id, car_id, start_date, end_date, status, rental_date, return_date, feedback, is_del, create_date, create_by, update_date, update_by) VALUES (200, 9, 20, '2024-06-23', '2024-07-15', 'Approved', '2024-06-23', '2024-07-15', 'Adult work student foreign participant reality identify.', False, '2024-02-07', 'admin', '2024-05-12', 'admin');
